url,title,meta_description,h1,h2s,h3s,competitor
https://www.shipbob.com/blog/cuso-cuts/,Cuso Cuts Saves 100s of Hours & Expanded their B2B Business with ShipBob,"Learn how Cuso Cuts leverages ShipBob’s fulfillment solution to save time, streamline fulfillment, and scale their business.",How Cuso Cuts Saves 100s of Hours & Expanded their B2B Business with ShipBob [Case Study] | Looking for a fulfillment solution?,Subscribe for More | Key Metrics | About Cuso Cuts | How ShipBob’s modern tech transformed our business | ShipBob’s advanced B2B Suite has been integral to the success of our omnichannel business | How ShipBob makes virtual bundling a breeze | ShipBob’s team makes logistics as painless as possible | How we use ShipBob as our single source of truth for inventory visibility | How integrating our tech stack with ShipBob saved us 2-3 hours per week | What’s next for Cuso Cuts | Cuso Cuts’ team at ShipBob | Get started with ShipBob,"How ShipBob Optimizes Storage Costs for Fast-Moving Inventory | How The Savannah Bananas Use ShipBob WMS to Fulfill Both POS & Online Merch to Millions of Fans [Case Study] | Understanding ShipBob's Approach to Pricing Transparency | Inventory Velocity: Formula to Calculate + How to Improve it | Picked, packed, and shipped. | Company | Integrations & Partners | Legal | Resources",ShipBob
https://www.shipbob.com/blog/shipbob-storage-costs/,How ShipBob Optimizes Storage Costs for Fast-Moving Inventory,Here's how ShipBob's straightforward and transparent storage pricing model is designed to support supports growing ecommerce brands with smart inventory management.,How ShipBob Optimizes Storage Costs for Fast-Moving Inventory | Looking for a fulfillment solution?,Subscribe for More | Why some merchants perceive ShipBob’s storage costs as high | How ShipBob offers storage cost efficiency | 4 specific methods ShipBob uses to optimize storage costs for merchants | Ready to optimize your storage strategy with ShipBob? | FAQs about how ShipBob supports efficient storage management | Your supply chain 'easy' button | Subscribe to our blog | Rachel Hand | Content Marketing Manager | 250+ | 5+,"1. Storage fees that align with high-turnover inventory strategies | 2. Prorated billing to make sure you only pay for what you use | 3. Consistent year-round pricing to eliminate peak season surprises | 4. Advanced analytics that turn storage data into actionable insights | How The Savannah Bananas Use ShipBob WMS to Fulfill Both POS & Online Merch to Millions of Fans [Case Study] | Understanding ShipBob's Approach to Pricing Transparency | Inventory Velocity: Formula to Calculate + How to Improve it | Inventory Velocity: Formula to Calculate + How to Improve it | Picked, packed, and shipped. | Company | Integrations & Partners | Legal | Resources",ShipBob
https://www.shipbob.com/blog/savannah-bananas/,How The Savannah Bananas Use ShipBob WMS to Fulfill Both POS & Online Merch to Millions of Fans,"Learn how the viral Banana Ball baseball league leverages ShipBob's WMS to manage their inventory across online and point-of-sale (POS) retail channels, sail through peak season, and actually enjoy fulfillment.",How The Savannah Bananas Use ShipBob WMS to Fulfill Both POS & Online Merch to Millions of Fans [Case Study] | Looking for a fulfillment solution?,"Subscribe for More | Key metrics | About the Savannah Bananas | Realizing we needed an omnichannel warehouse technology partner that can meet complex needs to protect the fan experience | Onboarding a WMS that’s personalized and done on-site (even in a snowstorm) | Trailblazing with ShipBob to launch a Shopify POS connection and achieve real-time inventory visibility | Trusting a well-designed WMS with our warehouse operations to boost confidence and actually enjoy fulfillment | Managing 4K SKUs and boosting inventory accuracy via the ShipBob dashboard | Achieving a peak season that doesn’t feel like peak | Leveraging ShipBob’s responsive, accountable support for fast answers | What’s next for Banana Ball | The Savannah Banana’s team at ShipBob","Understanding ShipBob's Approach to Pricing Transparency | Inventory Velocity: Formula to Calculate + How to Improve it | Inventory Velocity: Formula to Calculate + How to Improve it | How ShipBob Delivers Consistent, Reliable Customer Support | Picked, packed, and shipped. | Company | Integrations & Partners | Legal | Resources",ShipBob
https://www.shipbob.com/blog/shipbob-approach-to-pricing/,Understanding ShipBob's Approach to Pricing Transparency,"At ShipBob, we've built our pricing structure and billing systems to give you complete visibility into your fulfillment costs – here's how.",Understanding ShipBob’s Approach to Pricing Transparency | Looking for a fulfillment solution?,Subscribe for More | Why some merchants used to perceive ShipBob as having “pricing transparency issues” | ShipBob’s steps to enhance billing and pricing transparency | 4 ways ShipBob improved pricing clarity and billing transparency | See ShipBob’s transparent pricing in action | FAQs about how ShipBob supports pricing transparency | Your supply chain 'easy' button | Subscribe to our blog | Rachel Hand | Content Marketing Manager | 250+ | 5+,"1. Every charge appears as a detailed line item in your dashboard | 2. All standardized fees are published online with no hidden costs | 3. Simplified all-in pricing eliminates surprise charges | 4. Accurate cost visibility helps you manage expenses daily | Inventory Velocity: Formula to Calculate + How to Improve it | Inventory Velocity: Formula to Calculate + How to Improve it | How ShipBob Delivers Consistent, Reliable Customer Support | How I Love Chamoy 6X’d Their Shelf-Stable SKUs and Increased AOV by 283% with ShipBob [Case Study] | Picked, packed, and shipped. | Company | Integrations & Partners | Legal | Resources",ShipBob
https://www.shipbob.com/blog/how-to-create-an-inventory-list/,How to Create the Perfect Inventory List in 6 Steps (+ Examples),"Here's how to build a high-performing inventory list from scratch, with step-by-step instructions, examples, and downloadable templates.",How to Create an Inventory List in 6 Steps (with Examples & Templates) | Looking for a fulfillment solution?,Subscribe for More | Why you need an effective inventory list | What you must include in your inventory list | 6 steps for creating a comprehensive stock inventory list | Manual vs. automated inventory list and tracking methods | Advanced inventory list strategies for fulfillment success | How ShipBob simplifies inventory list management | Inventory list FAQs | Your supply chain 'easy' button | Subscribe to our blog | Rachel Hand | Content Marketing Manager,Prevent stockouts and backorders | Reduce excess inventory | Optimize demand forecasting | Improve the customer experience | Scalability and multi-channel expansion | Inventory list examples for different business types (+ free templates) | 1. Determine your essential data fields | 2. Establish a consistent SKU and labeling system | 3. Select the right tracking format or platform | 4. Set up inventory thresholds and alerts | 5. Implement real-time updating procedures | 6. Establish regular review and optimization cycles | Spreadsheet-based inventory management | Dedicated inventory management software | Implement lot tracking and expiration management,ShipBob
https://www.shipbob.com/blog/inventory-velocity-2/,"Inventory Velocity: Formula, How to Calculate, & Strategies","Boost your ecommerce success by optimizing inventory velocity, learn how to calculate inventory velocity, and get strategies to improve turnover.",Inventory Velocity: Formula to Calculate + How to Improve it | Looking for a fulfillment solution?,Subscribe for More | What is inventory velocity? | Why tracking inventory velocity matters for ecommerce businesses | Understanding the inventory velocity formula | Key factors affecting inventory velocity | 7 ways to improve inventory velocity | Turning inventory velocity into a customer experience advantage | How ShipBob empowers brands to optimize inventory velocity | Get started with ShipBob | FAQs about improving inventory velocity | Your supply chain 'easy' button | Subscribe to our blog,Why inventory velocity matters for ecommerce | Faster fulfillment as a competitive advantage | Aligning velocity with customer expectations | Calculating inventory velocity: step-by-step example | Demand trends and customer behavior | Supplier constraints and lead times | Operational efficiency in fulfillment and warehousing | External disruptions and supply chain risk | Product lifecycle considerations | 1. Leverage accurate demand forecasting | 2. Optimize inbound throughput | 3. Distribute inventory across multiple locations | 4. Adopt real-time analytics & automation | 5. Integrate FIFO & partial shipment rules | 6. Maintain a healthy balance between velocity and margins,ShipBob
https://www.shipbob.com/blog/warehouse-management-challenges/,8 Common Warehouse Management Challenges: How to Get Ahead,"Unpack the most common warehousing problems, their causes, and best practices and strategies for how to solve them.",Warehouse Management Challenges to Be Aware Of: Solutions for Warehousing Problems | Looking for a fulfillment solution?,Subscribe for More | An introduction to warehouse management challenges | 8 common operational warehouse challenges | Advanced solutions for warehouse management challenges | Looking for help with your warehouse management challenges? | Warehouse management challenges FAQs | Your supply chain 'easy' button | Subscribe to our blog | Rachel Hand | Content Marketing Manager | 250+ | 5+,Why getting warehouse management right matters | From a cost center to a growth enabler | 1. Inventory inaccuracy and visibility issues | 2. Labor shortages and workforce management | 3. Space utilization and warehouse layout problems | 4. Demand volatility and seasonal fluctuations | 5. Cost control and operational efficiency | 6. Quality control and damage prevention | 7. Managing complex omnichannel operations | 8. Inventory shrinkage and security concerns | Leverage warehouse management systems (WMS) | Data-driven demand forecasting and inventory planning | Implement warehouse automation and technology | Optimize worker safety and productivity | Streamline returns and reverse logistics,ShipBob
https://www.shipbob.com/blog/shipbob-shipping-costs/,How ShipBob Helps Brands Reduce Shipping Costs,Learn how ShipBob can help brands achieve lower shipping costs while delivering an exceptional customer experience.,How ShipBob Helps Brands Reduce Shipping Costs | Looking for a fulfillment solution?,Subscribe for More | Why some merchants think ShipBob has “high shipping costs” | How ShipBob improved shipping cost efficiency over time | 4 ways ShipBob helps to reduce merchants’ shipping costs | See how much you could save with ShipBob | FAQs about how ShipBob supports cost-effective shipping | Your supply chain 'easy' button | Subscribe to our blog | Meredith Flora | Content Marketing Manager | 250+ | 4+,"1. Distributed inventory placement saves money on every shipment | 2. All-in fulfillment pricing eliminates surprise fees | 3. Bulk shipping discounts pass savings to merchants | 4. Logistics becomes a revenue driver, not just a cost center | Warehouse Management Challenges to Be Aware Of: Solutions for Warehousing Problems | How Particle Shipped 99% of Their 126K Orders in December On Time Without Stockouts Using ShipBob Plus [Case Study] | How Cuso Cuts Saves 100s of Hours & Expanded their B2B Business with ShipBob [Case Study] | How ShipBob Optimizes Storage Costs for Fast-Moving Inventory | Picked, packed, and shipped. | Company | Integrations & Partners | Legal | Resources",ShipBob
https://www.shipbob.com/blog/particle/,How Particle Shipped 99% of Their 126K Orders in December On Time Without Stockouts Using ShipBob Plus,"Learn how men's skincare and personal grooming brand Particle achieved scalable, peak-proof fulfillment, elegant unboxingings, lot management, and more by partnering with ShipBob.",How Particle Shipped 99% of Their 126K Orders in December On Time Without Stockouts Using ShipBob Plus [Case Study] | Looking for a fulfillment solution?,"Subscribe for More | Key metrics | About Particle | Outgrowing your fulfillment partner and finding a solution that scales | Receiving personalized support from responsive team members that care | Leveraging ShipBob’s network to distribute inventory, save money, and reduce transit times | Keeping your team lean using analytics and technology that work for you | Fast-tracking receiving during peak to achieve 99% SLA performance and 0 stockouts | Delivering an elegant, curated unboxing using ShipBob’s Customization Suite | Unlocking lot management to achieve visibility and tracking into every batch and shipment | What’s next for Particle | Particle’s team at ShipBob","How Cuso Cuts Saves 100s of Hours & Expanded their B2B Business with ShipBob [Case Study] | How ShipBob Optimizes Storage Costs for Fast-Moving Inventory | How The Savannah Bananas Use ShipBob WMS to Fulfill Both POS & Online Merch to Millions of Fans [Case Study] | Understanding ShipBob's Approach to Pricing Transparency | Picked, packed, and shipped. | Company | Integrations & Partners | Legal | Resources",ShipBob
https://www.shipbob.com/blog/inventory-velocity/,"Inventory Velocity: Formula, How to Calculate, & Strategies","Boost your ecommerce success by optimizing inventory velocity, learn how to calculate inventory velocity, and get strategies to improve turnover.",Inventory Velocity: Formula to Calculate + How to Improve it | Looking for a fulfillment solution?,Subscribe for More | What is inventory velocity? | Why tracking inventory velocity matters for ecommerce businesses | Understanding the inventory velocity formula | Key factors affecting inventory velocity | 7 ways to improve inventory velocity | Turning inventory velocity into a customer experience advantage | How ShipBob empowers brands to optimize inventory velocity | Get started with ShipBob | FAQs about improving inventory velocity | Your supply chain 'easy' button | Subscribe to our blog,Why inventory velocity matters for ecommerce | Faster fulfillment as a competitive advantage | Aligning velocity with customer expectations | Calculating inventory velocity: step-by-step example | Demand trends and customer behavior | Supplier constraints and lead times | Operational efficiency in fulfillment and warehousing | External disruptions and supply chain risk | Product lifecycle considerations | 1. Leverage accurate demand forecasting | 2. Optimize inbound throughput | 3. Distribute inventory across multiple locations | 4. Adopt real-time analytics & automation | 5. Integrate FIFO & partial shipment rules | 6. Maintain a healthy balance between velocity and margins,ShipBob
https://redstagfulfillment.com/blog/red-stag/,Red Stag | Red Stag Fulfillment,"Explore the latest news, service enhancements, and company milestones from Red Stag Fulfillment. Stay informed about our commitment to excellence in ecommerce",Red STag | Red Stag updates and service improvements,Most popular Red Stag posts: | Most recent posts:,,Red Stag Fulfillment
https://redstagfulfillment.com/blog/order-fulfillment/,Order fulfillment | Red Stag Fulfillment,"Looking to make your order fulfillment smoother? Find practical advice on choosing the right partners, setting up efficient systems, and delivering better",order fulfillment | Learn how to optimize fulfillment operations,Most popular Order Fulfillment posts: | Most recent posts:,,Red Stag Fulfillment
https://redstagfulfillment.com/blog/warehousing/,Warehousing | Red Stag Fulfillment,"Transform your warehouse operations with smart management strategies. From inventory systems to product handling techniques, these resources help you create",Warehousing | Learn how to improve warehouse efficiency,Most popular Warehousing posts: | Most recent posts:,,Red Stag Fulfillment
https://redstagfulfillment.com/blog/shipping-logistics/,Shipping logistics | Red Stag Fulfillment,Navigate the complex world of shipping and logistics with practical guidance that cuts through the confusion. From carrier selection to international shipping,Shipping & Logistics | Learn how to overcome shipping obstacles,Most popular Shipping Logistics posts: | Most recent posts:,,Red Stag Fulfillment
https://redstagfulfillment.com/blog/ecommerce/,eCommerce | Red Stag Fulfillment,Ready to take your online business to the next level? Discover proven approaches to strengthen your ecommerce presence and operations. These resources help,Ecommerce | Learn how to grow your ecommerce business,Most popular eCommerce posts: | Most recent posts:,,Red Stag Fulfillment
https://redstagfulfillment.com/blog/newsletter/,Newsletter | Red Stag Fulfillment,"Subscribe to our newsletter and get a regular dose of industry updates, operational strategies, and fulfillment best practices delivered straight to your",newsletter | Bi-weekly ecommerce insights for your business,Must-read fulfillment posts: | Most recent posts:,,Red Stag Fulfillment
https://shiphero.com/blog/future-warehouse-digitization/,Take a Look Into the Future: Warehouse Digitization in 5 Years,"In this article, we explore the future of warehouse digitization and its impact on the industry. Learn about the types of technology that will become standard practice in warehousing and how they will change how warehouses operate.",Take a Look Into the Future: Warehouse Digitization in 5 Years,What Does Warehouse Digitization Mean? | How Warehouse Digitization is Changing the Way Warehouses Operate | How to Prepare your Warehouse for the Future | The Future of Warehousing is Here | Explore more of our features | What is Third-Party Logistics (3PL)? | Overview of 3PL Operations in Canada | Understanding the 3PL Market in Canada | Range of Services Offered by 3PLs in Canada | Benefits of Using a Third-Party Logistics Company in Canada | Top 3PLs in Canada | How to Start Working with a 3PL in Canada,Warehouse Management System (WMS) | Digital Twins | Real-Time Inventory Management | Real-Time Data Exchange | Wearable Technology | Warehouse Automation | Autonomous Guided Vehicles | Best 3PL Companies in Canada You Should Know About | How much do 3PL services cost in Canada? | Can small businesses benefit from partnering with a 3PL company? | How do I know if a 3PL company is the right fit for my business? | Can 3PL companies handle international logistics? | Are 3PL companies equipped to handle specialized industries such as healthcare? | Top 5 Best Third-party Logistics (3PL) Companies | What does 3PL stand for?,ShipHero
https://shiphero.com/blog/rfid-inventory-management,RFID Inventory Management: Is It the Future of Logistics?,"Understand how RFID inventory management technology is shaping logistics, and why it could be the future standard for warehouse operations.",RFID Inventory Management: Is It the Future of Logistics?,What is RFID Inventory Management? | How Does RFID Work in Inventory Management? | Key Components of RFID Inventory System | How Accurate is RFID in Tracking Inventory? | RFID vs. Barcode Inventory Management | Benefits and Challenges of RFID for Inventory Management | Key Takeaway | Frequently Asked Questions | Explore more of our features | What is the 3PL Warehouse Management System? | Benefits of 3PL Warehouse Management Systems | Key Features of 3PL Warehouse Management Systems,RFID Tags | RFID Readers | Inventory Management Software | Benefits | Challenges | How Much Does it Cost to Implement an RFID Inventory System? | Can RFID Work with Metal and Liquid Items? | Is RFID Inventory Management Suitable for Small Businesses? | What is a 3PL Warehouse Management System? | What is the role of a 3PL Warehouse Management System? | How can a 3PL WMS benefit a company? | What features should I look for in a 3PL WMS? | How much does a 3PL WMS cost? | Best 3PL Companies in Canada You Should Know About | How much do 3PL services cost in Canada?,ShipHero
https://shiphero.com/blog/automated-warehouse-picking-systems,Detailed Guide to Automated Warehouse Picking Systems for 2026,"Explore the future of warehouse efficiency with this detailed guide on automated picking systems, trends, and innovations for 2026.",Detailed Guide to Automated Warehouse Picking Systems for 2026,What Are Automated Warehouse Picking Systems? | How Does An Automated Picking System Work? | Types of Automated Picking Solutions | Benefits of Automated Order Picker | Challenges of Using an Automated Picking System | How to Choose the Right Automated Order Picking System | Best Practices for Successful Warehouse Picking Automation | Key Takeaways | Frequently Asked Questions | Explore more of our features | What is the 3PL Warehouse Management System? | Benefits of 3PL Warehouse Management Systems,Goods-to-Person (GTP) Systems | Pick-to-Light Systems | Voice Picking Systems | Autonomous Mobile Robots (AMRs) | Automated Storage and Retrieval Systems (AS/RS) | What is the Average ROI Timeframe for Automated Picking Systems? | Are Automated Systems Suitable for Small Warehouses? | Can Automated Picking Systems Handle Fragile or Irregularly Shaped Items? | What is a 3PL Warehouse Management System? | What is the role of a 3PL Warehouse Management System? | How can a 3PL WMS benefit a company? | What features should I look for in a 3PL WMS? | How much does a 3PL WMS cost? | Best 3PL Companies in Canada You Should Know About | How much do 3PL services cost in Canada?,ShipHero
https://shiphero.com/blog/6-key-warehouses-processes-explained/,6 Key Warehouse Processes Explained,"Warehousing has been around for a long time, but in recent years, technology has advanced warehouse processes tremendously. As a result, businesses can optimize fulfillment operations and cut down logistics costs significantly. Largely because of the COVID-19 pandemic,",6 Key Warehouse Processes Explained,The 6 key warehouse processes explained | How to improve warehouse processes | How eCommerce stores benefit from optimized warehouses | The advantages of working with a 3PL for warehouse management | 3 things to look for in your next warehouse management system | Optimize your warehouse with ShipHero | Conclusion | Explore more of our features | What is Third-Party Logistics (3PL)? | Overview of 3PL Operations in Canada | Understanding the 3PL Market in Canada | Range of Services Offered by 3PLs in Canada,1. Receiving | 2. Putaway | 3. Picking | 4. Packing | 5. Dispatching | 6. Returns | Hire experienced warehouse managers | Check-in with your workers | Implement software that supports the growth of your business | Audit warehouse processes every 6 months | Review the entire supply chain | Work with a 3PL | Grow their logistics network | More efficient use of storage space | Orders are shipped faster,ShipHero
https://shiphero.com/blog/inventory-replenishment-methods-strategies-models,Best Inventory Replenishment Models & Strategy Breakdown,,Best Inventory Replenishment Models & Strategy Breakdown,Core Inventory Replenishment Methods and Strategies | How to Select the Right Replenishment Model | Popular Inventory Replenishment Models | Benefits of Effective Inventory Replenishment | Key Takeaways | Frequently Asked Questions | Explore more of our features | Benefits of AI in Warehouse Management | ShipHero’s AI Picking: A Game Changer in Warehouse Efficiency | Broader Impacts of AI in Warehouse Management | Applications of AI in Supply Chain and Logistics | The Future of AI in Warehouse Management,"Periodic Replenishment | Continuous Replenishment | Push vs. Pull Replenishment | Just-in-Time (JIT) Replenishment | Vendor-Managed Inventory (VMI) | Economic Order Quantity (EOQ) | Reorder Point (ROP) Model | ABC Inventory Classification | Safety Stock Calculations | Is Demand Forecasting Necessary for Inventory Replenishment? | Can Automated Replenishment Reduce Inventory Costs? | Do All Businesses Need an Inventory Replenishment Plan? | How AI is Transforming Warehouse Management: Impact, Benefits, and Use Cases | Key Components of AI-Driven Warehouse Systems | How AI Picking Works",ShipHero
https://shiphero.com/blog/trigger-warning-e-commerce-case-study-with-anger/,Trigger Warning: e-Commerce Case Study with Anger,"*Takes dramatic drag of cigarette* What does it mean to be in good company? In essence, it’s simply a group of people bonded together by common ideas and shared values. In a business sense, a company is only as good as the glue that holds it together, bonded through a shared mission, a vision to str",Trigger Warning: e-Commerce Case Study with Anger,Explore more of our features | What is Third-Party Logistics (3PL)? | Overview of 3PL Operations in Canada | Understanding the 3PL Market in Canada | Range of Services Offered by 3PLs in Canada | Benefits of Using a Third-Party Logistics Company in Canada | Top 3PLs in Canada | How to Start Working with a 3PL in Canada | Key Takeaways | FAQs | The Five Best 3PL Companies | What are Third-party Logistics?,Best 3PL Companies in Canada You Should Know About | How much do 3PL services cost in Canada? | Can small businesses benefit from partnering with a 3PL company? | How do I know if a 3PL company is the right fit for my business? | Can 3PL companies handle international logistics? | Are 3PL companies equipped to handle specialized industries such as healthcare? | Top 5 Best Third-party Logistics (3PL) Companies | What does 3PL stand for? | Is it necessary to use a 3PL company? | How do I choose the right 3PL provider for my business? | What is a 3PL Warehouse Management System? | What is the role of a 3PL Warehouse Management System? | How can a 3PL WMS benefit a company? | What features should I look for in a 3PL WMS? | How much does a 3PL WMS cost?,ShipHero
https://shiphero.com/blog/smarter-warehouse-tech/,"Self-Driving Vehicles, Drones &amp; AI, Oh My! How Warehouse Tech Is Getting Smarter",Smart warehousing is key to keeping your business competitive in a volatile economy. Discover how the latest warehouse tech can give you a leg up.,"Self-Driving Vehicles, Drones &amp; AI, Oh My! How Warehouse Tech Is Getting Smarter","The Importance of Smart Warehousing | Get to Know These Smart Warehousing Technologies | Work Smarter, Not Harder | Explore more of our features | What is Third-Party Logistics (3PL)? | Overview of 3PL Operations in Canada | Understanding the 3PL Market in Canada | Range of Services Offered by 3PLs in Canada | Benefits of Using a Third-Party Logistics Company in Canada | Top 3PLs in Canada | How to Start Working with a 3PL in Canada | Key Takeaways",Warehouse Management Systems | Autonomous Vehicles in Logistics | Drones in Warehouse Management | Best 3PL Companies in Canada You Should Know About | How much do 3PL services cost in Canada? | Can small businesses benefit from partnering with a 3PL company? | How do I know if a 3PL company is the right fit for my business? | Can 3PL companies handle international logistics? | Are 3PL companies equipped to handle specialized industries such as healthcare? | Top 5 Best Third-party Logistics (3PL) Companies | What does 3PL stand for? | Is it necessary to use a 3PL company? | How do I choose the right 3PL provider for my business? | What is a 3PL Warehouse Management System? | What is the role of a 3PL Warehouse Management System?,ShipHero
https://shiphero.com/blog/warehouse-security-checklist/,Security | ShipHero,"ShipHero protects your most sensitive data with multi-factor authentication, single sign-on, and SOC 2 compliance—keeping your company information secure at all times.",Enhanced security for your business,How it works | 4.4 average Star rating - Our reviews speak for themselves. | Ready to transform your warehouse?,SOC2,ShipHero
https://shiphero.com/blog/warehouse-wave-picking,What is Warehouse Wave Picking? Definition and Essential Tips,"Discover warehouse wave picking, how it optimizes order fulfillment, and essential tips to boost your warehouse productivity.",What is Warehouse Wave Picking? Definition and Essential Tips,What is Wave Picking? | How Does Wave Picking Work? | How to Do Wave Picking Effectively | Types of Wave Picking | 4 Benefits of Wave Picking in a Warehouse | Wave Picking vs. Batch Picking | Key Takeaways | Frequently Asked Questions | Explore more of our features | What is the 3PL Warehouse Management System? | Benefits of 3PL Warehouse Management Systems | Key Features of 3PL Warehouse Management Systems,Performing Wave Picking | Post-Wave Picking | Use a Warehouse Management System (WMS) | Calculate optimal picking routes | Define cart handling strategies | By Product Type | By Order Priority | By Picking Zones | Improved Warehouse Efficiency and Storage | Faster Order Fulfillment | Minimal Operational Errors | Reduced Overhead | Can Small Warehouses Benefit from Wave Picking? | Do All WMS Platforms Support Wave Picking? | Is Wave Picking Suitable for High-Volume eCommerce Warehouses?,ShipHero
https://shiphero.com/blog/the-rise-of-smart-technology-in-warehouses/,The Rise of Smart Warehouse Technology -  Revolutionizing Inventory Management,Discover how smart warehouse technology is revolutionizing inventory management processes for top eCommerce brands. Learn about the powerful elements that make up smart warehousing and how it can help you streamline operations and improve customer experience.,The Rise of Smart Warehouse Technology -  Revolutionizing Inventory Management,What is a smart warehouse? | Components of a smart warehouse | How to benefit from smart warehouses | Conclusion | Explore more of our features | What is Third-Party Logistics (3PL)? | Overview of 3PL Operations in Canada | Understanding the 3PL Market in Canada | Range of Services Offered by 3PLs in Canada | Benefits of Using a Third-Party Logistics Company in Canada | Top 3PLs in Canada | How to Start Working with a 3PL in Canada,Scalability | Data & analytics | Robotics & artificial intelligence (AI) | Radio-frequency identification (RFID) | The Internet of Things (IoT) | Warehouse management software | Automated picking tools | Reduce manual labor & human error | Lower inventory damage and inaccuracies | Better analytics & reporting | Faster shipping & fewer returns | Efficient warehouse space utilization & optimization | Predictive order processing | Higher customer satisfaction | Lower costs lead to lower prices,ShipHero
https://shiphero.com/blog/wave-planning-in-wms,What is Wave Planning in a Warehouse Management System?,"Learn about wave planning in warehouse management systems—how it streamlines operations, boosts efficiency, and enhances productivity.",What is Wave Planning in a Warehouse Management System?,What is Wave Planning in a Warehouse? | Best Practices for Wave Management | How Does Wave Management Handle Unexpected Changes in Order Volume? | How Does a WMS Simplify Wave Management? | What is the Difference Between Wave Planning and Wave Management? | Digital vs. Wholesale Waves | Key Takeaways | Frequently Asked Questions | Explore more of our features | What is the 3PL Warehouse Management System? | Benefits of 3PL Warehouse Management Systems | Key Features of 3PL Warehouse Management Systems,Prioritize Orders Strategically | Leverage Real-Time Data | Minimize Downtime | Plan for Peak Periods | Use Defined Picking Zones | Can Wave Planning be Used in Warehouses with Small Inventories? | Are There Specific Industries where Wave Planning is Most Beneficial? | Can Wave Management Improve Same-Day Shipping Capabilities? | What is a 3PL Warehouse Management System? | What is the role of a 3PL Warehouse Management System? | How can a 3PL WMS benefit a company? | What features should I look for in a 3PL WMS? | How much does a 3PL WMS cost? | Best 3PL Companies in Canada You Should Know About | How much do 3PL services cost in Canada?,ShipHero
https://shiphero.com/blog/warehouse-receiving-process-checklist,Warehouse Receiving Process Checklist: Definition and Template,Learn the key steps in the warehouse receiving process and download a practical checklist template for efficient inventory handling.,Warehouse Receiving Process Checklist: Definition and Template,What is a Warehouse Receiving Process Checklist? | What to Include on a Warehouse Receiving Process Checklist | Why is a Warehouse Receiving Process Checklist Important? | How to Create a Warehouse Receiving Process Checklist | Warehouse Receiving Best Practices | Simplify Warehouse Receiving with ShipHero’s Automated Solutions | Key Takeaways | Frequently Asked Questions | Explore more of our features | What is the 3PL Warehouse Management System? | Benefits of 3PL Warehouse Management Systems | Key Features of 3PL Warehouse Management Systems,Purchase Order Number | Supplier Name & Address | Date & Time of Delivery | Receiving Inspection | Material Name | Information Like “Delivered By” and “Received By” | Documentation | Decide on Information to Include in the Checklist | Choose a Proper Checklist Format | Create the Checklist Using a Software Template | Train Employees | Implement the Checklist | Building a Proper Receiving Schedule | Optimizing the Warehouse Space | Upgrading Warehouse Receiving Equipment,ShipHero
https://shiphero.com/blog/inventory-replenishment-methods-strategies-models/,Best Inventory Replenishment Models & Strategy Breakdown,,Best Inventory Replenishment Models & Strategy Breakdown,Core Inventory Replenishment Methods and Strategies | How to Select the Right Replenishment Model | Popular Inventory Replenishment Models | Benefits of Effective Inventory Replenishment | Key Takeaways | Frequently Asked Questions | Explore more of our features | Benefits of AI in Warehouse Management | ShipHero’s AI Picking: A Game Changer in Warehouse Efficiency | Broader Impacts of AI in Warehouse Management | Applications of AI in Supply Chain and Logistics | The Future of AI in Warehouse Management,"Periodic Replenishment | Continuous Replenishment | Push vs. Pull Replenishment | Just-in-Time (JIT) Replenishment | Vendor-Managed Inventory (VMI) | Economic Order Quantity (EOQ) | Reorder Point (ROP) Model | ABC Inventory Classification | Safety Stock Calculations | Is Demand Forecasting Necessary for Inventory Replenishment? | Can Automated Replenishment Reduce Inventory Costs? | Do All Businesses Need an Inventory Replenishment Plan? | How AI is Transforming Warehouse Management: Impact, Benefits, and Use Cases | Key Components of AI-Driven Warehouse Systems | How AI Picking Works",ShipHero
https://shiphero.com/blog/ai-in-warehouse-management,"How AI is Transforming Warehouse Management: Impact, Benefits, and Use Cases","Discover how AI in warehouse management is changing the industry with improved efficiency, accuracy, and cost reductions, and explore its real-world applications.","How AI is Transforming Warehouse Management: Impact, Benefits, and Use Cases",Benefits of AI in Warehouse Management | ShipHero’s AI Picking: A Game Changer in Warehouse Efficiency | Broader Impacts of AI in Warehouse Management | Applications of AI in Supply Chain and Logistics | The Future of AI in Warehouse Management | Key Takeaways | Frequently Asked Questions | Explore more of our features | What is the 3PL Warehouse Management System? | Benefits of 3PL Warehouse Management Systems | Key Features of 3PL Warehouse Management Systems | What are 3PL WMS Requirements?,Key Components of AI-Driven Warehouse Systems | How AI Picking Works | Benefits of AI Picking | Operational Efficiency | Inventory Management | Safety and Compliance | Emerging Trends and Innovations | Challenges and Considerations | How can AI help in reducing warehouse errors? | Can AI be used for predictive analytics in warehouse management? | Is AI in warehouse management affordable for small businesses? | What is a 3PL Warehouse Management System? | What is the role of a 3PL Warehouse Management System? | How can a 3PL WMS benefit a company? | What features should I look for in a 3PL WMS?,ShipHero
https://shiphero.com/blog/wave-planning-in-wms/,What is Wave Planning in a Warehouse Management System?,"Learn about wave planning in warehouse management systems—how it streamlines operations, boosts efficiency, and enhances productivity.",What is Wave Planning in a Warehouse Management System?,What is Wave Planning in a Warehouse? | Best Practices for Wave Management | How Does Wave Management Handle Unexpected Changes in Order Volume? | How Does a WMS Simplify Wave Management? | What is the Difference Between Wave Planning and Wave Management? | Digital vs. Wholesale Waves | Key Takeaways | Frequently Asked Questions | Explore more of our features | What is the 3PL Warehouse Management System? | Benefits of 3PL Warehouse Management Systems | Key Features of 3PL Warehouse Management Systems,Prioritize Orders Strategically | Leverage Real-Time Data | Minimize Downtime | Plan for Peak Periods | Use Defined Picking Zones | Can Wave Planning be Used in Warehouses with Small Inventories? | Are There Specific Industries where Wave Planning is Most Beneficial? | Can Wave Management Improve Same-Day Shipping Capabilities? | What is a 3PL Warehouse Management System? | What is the role of a 3PL Warehouse Management System? | How can a 3PL WMS benefit a company? | What features should I look for in a 3PL WMS? | How much does a 3PL WMS cost? | Best 3PL Companies in Canada You Should Know About | How much do 3PL services cost in Canada?,ShipHero
https://shiphero.com/blog/warehouse-inventory-management/,Warehouse Inventory Management: Maximizing Profits and Customer Satisfaction,"Warehouse inventory management is an important part of warehouse operations. It is the process by which you keep track of the inflow, outflow, storage, condition, and location of goods in warehouses. Sophisticated warehouse management software enables you to manage inventory tracking in large wareho",Warehouse Inventory Management: Maximizing Profits and Customer Satisfaction,What is inventory management in a warehouse? | How do warehouses keep track of inventory? | Understanding the Importance of Warehouse Inventory Management | Techniques for Better Inventory Management | Utilizing Technology in Inventory Management | Efficient Storage and Retrieval Systems | Demand Forecasting: A Proactive Approach | Training and Incentive Programs: Empowering Your Staff | Inventory Auditing: Ensuring Accuracy | Safety Measures in Inventory Management | Reverse Logistics and Returns Management | Inventory Turnover Ratio and its Implications,Best 3PL Companies in Canada You Should Know About | How much do 3PL services cost in Canada? | Can small businesses benefit from partnering with a 3PL company? | How do I know if a 3PL company is the right fit for my business? | Can 3PL companies handle international logistics? | Are 3PL companies equipped to handle specialized industries such as healthcare? | Top 5 Best Third-party Logistics (3PL) Companies | What does 3PL stand for? | Is it necessary to use a 3PL company? | How do I choose the right 3PL provider for my business? | What is a 3PL Warehouse Management System? | What is the role of a 3PL Warehouse Management System? | How can a 3PL WMS benefit a company? | What features should I look for in a 3PL WMS? | How much does a 3PL WMS cost?,ShipHero
https://shiphero.com/blog/perpetual-inventory-vs-physical-inventory/,Perpetual Inventory vs. Physical Inventory: What is the Difference?,"Learn the key differences between perpetual and physical inventory methods, their advantages, and how to choose the right approach for your business.",Perpetual Inventory vs. Physical Inventory: What is the Difference?,What is Perpetual Inventory? | What is Physical Inventory? | Difference Between Perpetual Inventory and Physical Inventory | Pros and Cons of Perpetual vs. Physical Inventory | Which Inventory Method is Best for Your Business | Key Takeaways | Frequently Asked Questions | Explore more of our features | What is the 3PL Warehouse Management System? | Benefits of 3PL Warehouse Management Systems | Key Features of 3PL Warehouse Management Systems | What are 3PL WMS Requirements?,Common Physical Inventory Methods | Process and Frequency | Accuracy and Real-Time Updates | Human Involvement | Cost | Speed | Size of the Organization | Is Perpetual Inventory More Accurate Than Physical Inventory? | How Often Should Physical Inventory Counts Be Performed? | Can a Business Use Both Perpetual and Physical Inventory Systems Together? | Which Industries Benefit the Most from Perpetual Inventory? | What is a 3PL Warehouse Management System? | What is the role of a 3PL Warehouse Management System? | How can a 3PL WMS benefit a company? | What features should I look for in a 3PL WMS?,ShipHero
https://shiphero.com/blog/inventory-control-methods/,"Inventory Control: Types, Methods, and Techniques","Explore various inventory control types, proven methods, and effective techniques to manage stock accurately and efficiently.","Inventory Control: Types, Methods, and Techniques",Types of Inventory Control Systems | Best Inventory Control Methods | Key Techniques for Inventory Control | How to Choose the Right Inventory Control Method | Key Takeaways | Frequently Asked Questions | Explore more of our features | What is Third-Party Logistics (3PL)? | Overview of 3PL Operations in Canada | Understanding the 3PL Market in Canada | Range of Services Offered by 3PLs in Canada | Benefits of Using a Third-Party Logistics Company in Canada,"Periodic Inventory Control | Perpetual Inventory Control | First-In, First-Out (FIFO) | ABC Analysis | Economic Order Quantity (EOQ) | Fast, Slow, and Non-Moving (FSN) | Vendor-Managed Inventory (VMI) | Batch Tracking | Just-In-Time (JIT) Inventory | Safety Stock and Reorder Points | Inventory Audits and Cycle Counting | Average Costing | What is the Most Commonly Used Inventory Control Method? | How Do Inventory Control Techniques Improve Business Efficiency? | Can Multiple Inventory Control Methods Be Used Together?",ShipHero
https://shiphero.com/blog/inventory-replenishment/,What Is Inventory Replenishment? A Guide for Retailers,"Learn what inventory replenishment means, why it matters for retailers, and effective strategies to maintain optimal stock levels.",What Is Inventory Replenishment? A Guide for Retailers,What is Inventory Replenishment? | Effective Inventory Replenishment Techniques | How Does the Product Replenishment Process Work? | Key Factors That Impact Stock Replenishment Success | Benefits of Effective Inventory Replenishment | Required Tools and Software to Replenish Inventory | How ShipHero Helps in Inventory Replenishment | Key Takeaways | Frequently Asked Questions | Explore more of our features | What is the 3PL Warehouse Management System? | Benefits of 3PL Warehouse Management Systems,Demand Forecasting | Inventory Level Optimization | Periodic Method | Perpetual Replenishment | Reorder Point Replenishment | Is Inventory Replenishment Software Necessary for Small Businesses? | Can Inventory Replenishment Help Reduce Overstocking? | How Often Should Inventory Replenishment Be Reviewed? | What is a 3PL Warehouse Management System? | What is the role of a 3PL Warehouse Management System? | How can a 3PL WMS benefit a company? | What features should I look for in a 3PL WMS? | How much does a 3PL WMS cost? | Best 3PL Companies in Canada You Should Know About | How much do 3PL services cost in Canada?,ShipHero
https://shiphero.com/blog/improve-warehouse-picking-speed-accuracy/,How to Improve Warehouse Picking Speed and Accuracy in 7 Steps,"Increase your warehouse productivity with these seven practical steps for faster, more accurate picking processes.",How to Improve Warehouse Picking Speed and Accuracy in 7 Steps,What's the Average Warehouse Pick Rate? | 7 Steps To Pick Orders Faster in a Warehouse | Pick-to-Light by ShipHero: Ensuring Efficient Order Picking | Relationship Between Warehouse Picking Speed and Accuracy | How to Calculate Order Accuracy Rate? | Tips to Minimize Error Rates | Key Takeaways | Frequently Asked Questions | Explore more of our features | What is the 3PL Warehouse Management System? | Benefits of 3PL Warehouse Management Systems | Key Features of 3PL Warehouse Management Systems,Analyze the Current Warehouse Operations | Change the Layout of the Warehouse | Choose an Efficient Picking Method | Use Technology to Speed Up the Process | Train Employees Effectively | Track Key Metrics for Picking Speed | Improve and Optimize Inventory Management | What is a Good Pick Rate? | Can Picking Speed Be Improved Without Automation? | Can Mobile Devices Help Increase Warehouse Picking Speed? | What is a 3PL Warehouse Management System? | What is the role of a 3PL Warehouse Management System? | How can a 3PL WMS benefit a company? | What features should I look for in a 3PL WMS? | How much does a 3PL WMS cost?,ShipHero
https://www.flexport.com/blog/bfcm-2025-unboxed-black-friday-and-cyber-monday-by-the-numbers/,"BFCM 2025, Unboxed: Black Friday & Cyber Monday by the Numbers","Discover Flexport APIs and EDIs to speed, scale, and optimize your supply chain. Developer tools make it easy to instantly access logistics data and vital cargo and global trade documentation in the Flexport Platform or your ERP.","BFCM 2025, Unboxed: Black Friday & Cyber Monday by the Numbers",Product Releases | Technology Solutions | Developers | Forwarding | Fulfillment | Control Tower | Customs & Financial Services | Insights | Resources | Product Releases | Technology Solutions | Developers,"Holiday Shoppers Spent More, But Got Less | Online and Mobile Sales Growth Soared | Shoppers Turned to AI Agents to Find the Best Deals | The Supreme Court’s IEEPA Tariff Ruling: Next Steps, Potential Refunds, and Guidance for Businesses | Live Updates: Trump Administration Tariffs, Trade Policy Changes, and Impacts on Global Supply Chains | Flexport Ocean Timeliness Indicator",Flexport
https://www.flexport.com/blog/the-10-most-common-hts-classification-mistakes-made-by-importers/,The 10 Most Common HTS Classification Mistakes Made by Importers,"Discover Flexport APIs and EDIs to speed, scale, and optimize your supply chain. Developer tools make it easy to instantly access logistics data and vital cargo and global trade documentation in the Flexport Platform or your ERP.",The 10 Most Common HTS Classification Mistakes Made by Importers,Product Releases | Technology Solutions | Developers | Forwarding | Fulfillment | Control Tower | Customs & Financial Services | Insights | Resources | Product Releases | Technology Solutions | Developers,"1. Relying on Guesswork to Classify Goods | 2. Copying Someone Else’s Classification | 3. Ignoring the General Rules of Interpretation (GRIs) | 4. Misclassifying Kits and Sets | 5. Using Outdated HTS Codes | 6. Overlooking Country-Specific Differences | 7. Failing to Work With an HTS Classification Expert | 8. Not Documenting Classification Rationale | 9. Overlooking Customs Rulings and Precedents | 10. Neglecting to Review Classifications Over Time | The Supreme Court’s IEEPA Tariff Ruling: Next Steps, Potential Refunds, and Guidance for Businesses | Live Updates: Trump Administration Tariffs, Trade Policy Changes, and Impacts on Global Supply Chains | Flexport Ocean Timeliness Indicator",Flexport
https://www.flexport.com/blog/guidance-on-cbps-upcoming-transition-to-electronic-refunds/,Guidance on CBP’s Upcoming Transition to Electronic Refunds,"Discover Flexport APIs and EDIs to speed, scale, and optimize your supply chain. Developer tools make it easy to instantly access logistics data and vital cargo and global trade documentation in the Flexport Platform or your ERP.",Guidance on CBP’s Upcoming Transition to Electronic Refunds,Product Releases | Technology Solutions | Developers | Forwarding | Fulfillment | Control Tower | Customs & Financial Services | Insights | Resources | Product Releases | Technology Solutions | Developers,"The Supreme Court’s IEEPA Tariff Ruling: Next Steps, Potential Refunds, and Guidance for Businesses | Live Updates: Trump Administration Tariffs, Trade Policy Changes, and Impacts on Global Supply Chains | Flexport Ocean Timeliness Indicator",Flexport
https://www.flexport.com/blog/flexport-named-one-of-built-ins-2026-best-places-to-work/,Flexport Named One of Built In’s 2026 Best Places to Work,"Discover Flexport APIs and EDIs to speed, scale, and optimize your supply chain. Developer tools make it easy to instantly access logistics data and vital cargo and global trade documentation in the Flexport Platform or your ERP.",Flexport Named One of Built In’s 2026 Best Places to Work,Product Releases | Technology Solutions | Developers | Forwarding | Fulfillment | Control Tower | Customs & Financial Services | Insights | Resources | Product Releases | Technology Solutions | Developers,"The Supreme Court’s IEEPA Tariff Ruling: Next Steps, Potential Refunds, and Guidance for Businesses | Live Updates: Trump Administration Tariffs, Trade Policy Changes, and Impacts on Global Supply Chains | Flexport Ocean Timeliness Indicator",Flexport
https://www.flexport.com/blog/eligibility-checklist-can-my-company-claim-duty-drawback/,Eligibility Checklist: Can My Company Claim Duty Drawback?,"Discover Flexport APIs and EDIs to speed, scale, and optimize your supply chain. Developer tools make it easy to instantly access logistics data and vital cargo and global trade documentation in the Flexport Platform or your ERP.",Eligibility Checklist: Can My Company Claim Duty Drawback?,Product Releases | Technology Solutions | Developers | Forwarding | Fulfillment | Control Tower | Customs & Financial Services | Insights | Resources | Product Releases | Technology Solutions | Developers,"What duty drawback is | Step-by-step eligibility checklist | Common qualifying scenarios | How to apply for duty drawback | Why work with a specialist like Flexport | The Supreme Court’s IEEPA Tariff Ruling: Next Steps, Potential Refunds, and Guidance for Businesses | Live Updates: Trump Administration Tariffs, Trade Policy Changes, and Impacts on Global Supply Chains | Flexport Ocean Timeliness Indicator",Flexport
https://www.flexport.com/blog/the-supreme-courts-ieepa-tariff-ruling-next-steps-potential-refunds-and/,"The Supreme Court’s IEEPA Tariff Ruling: Next Steps, Potential Refunds, and Guidance for Businesses","Discover Flexport APIs and EDIs to speed, scale, and optimize your supply chain. Developer tools make it easy to instantly access logistics data and vital cargo and global trade documentation in the Flexport Platform or your ERP.","The Supreme Court’s IEEPA Tariff Ruling: Next Steps, Potential Refunds, and Guidance for Businesses",Product Releases | Technology Solutions | Developers | Forwarding | Fulfillment | Control Tower | Customs & Financial Services | Insights | Resources | Product Releases | Technology Solutions | Developers,"President Trump’s Response | Tariffs Impacted by the Supreme Court Ruling | What’s Next for Existing IEEPA Tariffs? | How Is Flexport Proceeding? | Can Businesses Expect Refunds? | Flexport’s Guidance for Customers: Take Action Today | When will CBP stop collecting IEEPA tariffs? Should I stop clearing my shipments to avoid IEEPA? | What should I do to reduce tariff exposure or prepare if refunds are issued? | What tariffs are still active, and what tariffs is the administration adding? | If refunds are issued, who receives the refund? How does this affect customers who switched to DDP? | What will be the process and timeline for claiming refunds retroactively? | Live Updates: Trump Administration Tariffs, Trade Policy Changes, and Impacts on Global Supply Chains | Flexport Ocean Timeliness Indicator | Early Updates on the Trump Administration’s Tariff and Trade Policies, Part I",Flexport
https://www.flexport.com/blog/how-to-prepare-for-cpsc-electronic-filing-and-data-compliance-changes/,How to Prepare for CPSC Electronic Filing and Data Compliance Changes,"Discover Flexport APIs and EDIs to speed, scale, and optimize your supply chain. Developer tools make it easy to instantly access logistics data and vital cargo and global trade documentation in the Flexport Platform or your ERP.",How to Prepare for CPSC Electronic Filing and Data Compliance Changes,Product Releases | Technology Solutions | Developers | Forwarding | Fulfillment | Control Tower | Customs & Financial Services | Insights | Resources | Product Releases | Technology Solutions | Developers,"Upcoming Requirements for Certificates of Compliance | How Importers Can Prepare for Upcoming Changes | The Supreme Court’s IEEPA Tariff Ruling: Next Steps, Potential Refunds, and Guidance for Businesses | Live Updates: Trump Administration Tariffs, Trade Policy Changes, and Impacts on Global Supply Chains | Flexport Ocean Timeliness Indicator",Flexport
https://www.flexport.com/blog/flexport-ocean-timeliness-indicator/,Flexport Ocean Timeliness Indicator,"Discover Flexport APIs and EDIs to speed, scale, and optimize your supply chain. Developer tools make it easy to instantly access logistics data and vital cargo and global trade documentation in the Flexport Platform or your ERP.",Flexport Ocean Timeliness Indicator | Flexport Ocean Timeliness Indicator,Product Releases | Technology Solutions | Developers | Forwarding | Fulfillment | Control Tower | Customs & Financial Services | Insights | Resources | Product Releases | Technology Solutions | Developers,"Global Ocean Carriers Halt Red Sea Transits – What to Expect | Seasonality Shifts by Trade Lane | Navigating the 2024 RFP Season: An Advanced Guide to Upscaling Your RFP | The Supreme Court’s IEEPA Tariff Ruling: Next Steps, Potential Refunds, and Guidance for Businesses | Live Updates: Trump Administration Tariffs, Trade Policy Changes, and Impacts on Global Supply Chains | Early Updates on the Trump Administration’s Tariff and Trade Policies, Part I",Flexport
https://www.flexport.com/blog/what-president-trumps-2024-u-s-election-win-means-for-global-trade-and/,"Live Updates: Trump Administration Tariffs, Trade Policy Changes, and Impacts on Global Supply Chains","Discover Flexport APIs and EDIs to speed, scale, and optimize your supply chain. Developer tools make it easy to instantly access logistics data and vital cargo and global trade documentation in the Flexport Platform or your ERP.","Live Updates: Trump Administration Tariffs, Trade Policy Changes, and Impacts on Global Supply Chains",Product Releases | Technology Solutions | Developers | Forwarding | Fulfillment | Control Tower | Customs & Financial Services | Insights | Resources | Product Releases | Technology Solutions | Developers,"2025 Ocean Freight Outlook: Five Predictions You Need to Know | Predicting Accurate and Reliable Ocean Freight Transit Times | Cargo Insurance: Protect Yourself Against Cargo Loss | The Supreme Court’s IEEPA Tariff Ruling: Next Steps, Potential Refunds, and Guidance for Businesses | Flexport Ocean Timeliness Indicator | Early Updates on the Trump Administration’s Tariff and Trade Policies, Part I",Flexport
