topic,competitor_count,post_count,competitors_covering,example_posts,priority_score
Warehousing,3,21,"Red Stag Fulfillment, ShipBob, ShipHero",ShipBob: How The Savannah Bananas Use ShipBob WMS to Fulfill Both POS & Online Merch to M || ShipBob: 8 Common Warehouse Management Challenges: How to Get Ahead || Red Stag Fulfillment: Warehousing | Red Stag Fulfillment,51
International Fulfillment,3,13,"Flexport, Red Stag Fulfillment, ShipHero","Red Stag Fulfillment: Shipping logistics | Red Stag Fulfillment || ShipHero: Self-Driving Vehicles, Drones &amp; AI, Oh My! How Warehouse Tech Is Getting Sma || ShipHero: Warehouse Receiving Process Checklist: Definition and Template",43
Technology & Integrations,3,12,"Flexport, ShipBob, ShipHero",ShipBob: Cuso Cuts Saves 100s of Hours & Expanded their B2B Business with ShipBob || ShipHero: Detailed Guide to Automated Warehouse Picking Systems for 2026 || ShipHero: Perpetual Inventory vs. Physical Inventory: What is the Difference?,42
Order Fulfillment,3,12,"Red Stag Fulfillment, ShipBob, ShipHero",ShipBob: Cuso Cuts Saves 100s of Hours & Expanded their B2B Business with ShipBob || ShipBob: How ShipBob Optimizes Storage Costs for Fast-Moving Inventory || ShipBob: How The Savannah Bananas Use ShipBob WMS to Fulfill Both POS & Online Merch to M,42
DTC & Ecommerce,3,7,"Red Stag Fulfillment, ShipBob, ShipHero","ShipBob: How ShipBob Optimizes Storage Costs for Fast-Moving Inventory || ShipBob: How The Savannah Bananas Use ShipBob WMS to Fulfill Both POS & Online Merch to M || ShipBob: Inventory Velocity: Formula, How to Calculate, & Strategies",37
3PL Selection & Comparison,2,8,"ShipBob, ShipHero",ShipBob: How Particle Shipped 99% of Their 126K Orders in December On Time Without Stocko || ShipHero: Take a Look Into the Future: Warehouse Digitization in 5 Years || ShipHero: Detailed Guide to Automated Warehouse Picking Systems for 2026,28
Inventory Management,2,6,"ShipBob, ShipHero",ShipBob: How ShipBob Optimizes Storage Costs for Fast-Moving Inventory || ShipBob: How The Savannah Bananas Use ShipBob WMS to Fulfill Both POS & Online Merch to M || ShipBob: How Particle Shipped 99% of Their 126K Orders in December On Time Without Stocko,26
Customer Experience,2,5,"ShipBob, ShipHero","ShipBob: Inventory Velocity: Formula, How to Calculate, & Strategies || ShipBob: How ShipBob Helps Brands Reduce Shipping Costs || ShipBob: Inventory Velocity: Formula, How to Calculate, & Strategies",25
Scaling & Growth,2,2,"Flexport, ShipBob","ShipBob: How The Savannah Bananas Use ShipBob WMS to Fulfill Both POS & Online Merch to M || Flexport: BFCM 2025, Unboxed: Black Friday & Cyber Monday by the Numbers",22
Pick & Pack / Kitting,1,2,ShipBob,ShipBob: Cuso Cuts Saves 100s of Hours & Expanded their B2B Business with ShipBob || ShipBob: How Particle Shipped 99% of Their 126K Orders in December On Time Without Stocko,12
CPG & Brand Strategy,1,2,ShipBob,ShipBob: Cuso Cuts Saves 100s of Hours & Expanded their B2B Business with ShipBob || ShipBob: How The Savannah Bananas Use ShipBob WMS to Fulfill Both POS & Online Merch to M,12
Analytics & Reporting,1,2,ShipBob,ShipBob: How The Savannah Bananas Use ShipBob WMS to Fulfill Both POS & Online Merch to M || ShipBob: How Particle Shipped 99% of Their 126K Orders in December On Time Without Stocko,12
General / Other,1,2,Red Stag Fulfillment,Red Stag Fulfillment: Red Stag | Red Stag Fulfillment || Red Stag Fulfillment: Newsletter | Red Stag Fulfillment,12
Pricing & Cost,1,1,ShipBob,ShipBob: Understanding ShipBob's Approach to Pricing Transparency,11
Shipping & Carriers,1,1,ShipBob,ShipBob: How ShipBob Helps Brands Reduce Shipping Costs,11
Returns Management,1,1,ShipHero,ShipHero: Warehouse Inventory Management: Maximizing Profits and Customer Satisfaction,11
